CRASH_RECORD_ID,CRASH_DATE_EST_I,CRASH_DATE,POSTED_SPEED_LIMIT,TRAFFIC_CONTROL_DEVICE,DEVICE_CONDITION,WEATHER_CONDITION,LIGHTING_CONDITION,FIRST_CRASH_TYPE,TRAFFICWAY_TYPE,LANE_CNT,ALIGNMENT,ROADWAY_SURFACE_COND,ROAD_DEFECT,REPORT_TYPE,CRASH_TYPE,INTERSECTION_RELATED_I,NOT_RIGHT_OF_WAY_I,HIT_AND_RUN_I,DAMAGE,DATE_POLICE_NOTIFIED,PRIM_CONTRIBUTORY_CAUSE,SEC_CONTRIBUTORY_CAUSE,STREET_NO,STREET_DIRECTION,STREET_NAME,BEAT_OF_OCCURRENCE,PHOTOS_TAKEN_I,STATEMENTS_TAKEN_I,DOORING_I,WORK_ZONE_I,WORK_ZONE_TYPE,WORKERS_PRESENT_I,NUM_UNITS,MOST_SEVERE_INJURY,INJURIES_TOTAL,INJURIES_FATAL,INJURIES_INCAPACITATING,INJURIES_NON_INCAPACITATING,INJURIES_REPORTED_NOT_EVIDENT,INJURIES_NO_INDICATION,INJURIES_UNKNOWN,CRASH_HOUR,CRASH_DAY_OF_WEEK,CRASH_MONTH,LATITUDE,LONGITUDE,LOCATION
28fc0653d4eff571999ce298237567ace1db8bc15a0728180c974a51a7d91bda3cc6c2a7e81dc9049c33ec26afbf0fb08adb7ab3a7d7bd5c35367bf3b850bc96,,02/03/2025 07:05,30,TRAFFIC SIGNAL,FUNCTIONING PROPERLY,CLEAR,DAYLIGHT,TURNING,DIVIDED - W/MEDIAN (NOT RAISED),,STRAIGHT AND LEVEL,DRY,NO DEFECTS,ON SCENE,INJURY AND / OR TOW DUE TO CRASH,,,,"OVER $1,500",02/03/2025 07:08,UNABLE TO DETERMINE,UNABLE TO DETERMINE,7001,N,SHERIDAN RD,2423,,,,,,,2,NO INDICATION OF INJURY,0,0,0,0,0,2,0,7,2,2,42.0092697,-87.66196532,POINT (-87.661965318682 42.009269701478)
20128b104a66e4f6daf2c99783d480fb7ae9ea0e2a9bfae021fcb00fae3ef816b28dd867e292a2de49947bbda5b512b3990c7ba948526a3a9d1dd0c558aab3c9,,01/15/2025 08:55:00 AM,25,TRAFFIC SIGNAL,FUNCTIONING PROPERLY,CLEAR,DAYLIGHT,HEAD ON,ROUNDABOUT,,STRAIGHT AND LEVEL,WET,NO DEFECTS,ON SCENE,INJURY AND / OR TOW DUE TO CRASH,Y,,,"OVER $1,500",01/15/2025 08:59:00 AM,FAILING TO REDUCE SPEED TO AVOID CRASH,NOT APPLICABLE,2399,E,67TH ST,331,,Y,,,,,2,NONINCAPACITATING INJURY,1,0,0,1,0,2,0,8,4,1,41.77344779,-87.56688391,POINT (-87.566883909438 41.773447792302)
205a0c8d4ca8ddfebe78786a06dda7a04386e476d40ae55e952a84b0dc1b409286b8a70c066010f71578e0e17245b3d0d01b472f9d5ebc4e4f488693a662e96a,,01/15/2025 08:57:00 AM,30,STOP SIGN/FLASHER,FUNCTIONING PROPERLY,CLEAR,DAYLIGHT,ANGLE,FOUR WAY,,STRAIGHT AND LEVEL,DRY,NO DEFECTS,ON SCENE,INJURY AND / OR TOW DUE TO CRASH,Y,,,"OVER $1,500",01/15/2025 09:00:00 AM,IMPROPER LANE USAGE,UNABLE TO DETERMINE,8000,S,HALSTED ST,621,N,N,,,,,3,NO INDICATION OF INJURY,0,0,0,0,0,3,0,8,4,1,41.74872543,-87.64413194,POINT (-87.644131939896 41.748725425387)
477ed78ab42274deadfba06594042f7e03977b833c91a1495c07fc15c14d0446d581b0dbe924f375bae2e8f2493d3988d4b1cd25ffe758fcb86950b97d7b541c,,03/15/2025 04:13:00 PM,30,TRAFFIC SIGNAL,FUNCTIONING PROPERLY,CLEAR,DAYLIGHT,TURNING,UNKNOWN INTERSECTION TYPE,,STRAIGHT AND LEVEL,DRY,UNKNOWN,ON SCENE,INJURY AND / OR TOW DUE TO CRASH,,,,"OVER $1,500",03/15/2025 04:15:00 PM,FAILING TO YIELD RIGHT-OF-WAY,NOT APPLICABLE,1600,E,75TH ST,324,,,,,,,2,NONINCAPACITATING INJURY,1,0,0,1,0,1,0,16,7,3,41.75887774,-87.58568244,POINT (-87.585682440932 41.758877741252)
20aa760e8518d8b1cc906116b99a8f92e03d09139a1dd13a7ad043eeec617a69cbabba0eea0850101a74eee3ad767a58e829d19e23e22fa824e96182b15b8570,,01/15/2025 06:26:00 AM,30,UNKNOWN,UNKNOWN,FREEZING RAIN/DRIZZLE,DAYLIGHT,REAR END,UNKNOWN,,STRAIGHT AND LEVEL,SNOW OR SLUSH,UNKNOWN,ON SCENE,INJURY AND / OR TOW DUE TO CRASH,,,,"OVER $1,500",01/15/2025 07:12:00 AM,NOT APPLICABLE,NOT APPLICABLE,7300,S,YATES BLVD,334,,,,,,,2,NONINCAPACITATING INJURY,1,0,0,1,0,1,0,6,4,1,41.76252673,-87.56659498,POINT (-87.566594977019 41.762526734679)
485126786f131434503010add5b1b0562a59cb7d0e56d944122dfd947c756e175e86d2c3b9a273e9ed480bd597f09937fc4a815ff97fedbc3202926d9a090ddb,,03/15/2025 06:23:00 AM,30,TRAFFIC SIGNAL,FUNCTIONING PROPERLY,CLEAR,DAYLIGHT,TURNING,T-INTERSECTION,,STRAIGHT AND LEVEL,WET,NO DEFECTS,ON SCENE,INJURY AND / OR TOW DUE TO CRASH,Y,,,"OVER $1,500",03/15/2025 06:35:00 AM,FAILING TO YIELD RIGHT-OF-WAY,DRIVING SKILLS/KNOWLEDGE/EXPERIENCE,3400,S,CALIFORNIA AVE,911,,,,,,,2,NONINCAPACITATING INJURY,2,0,0,1,1,0,0,6,7,3,41.83212713,-87.69502146,POINT (-87.695021463612 41.832127132976)
48a53cc8b5b6781d9fe81c1af3c997261951c0589f466e89888f12b2936a64f4740cbde59269fdfbdc35b013e6c38ab2d7a0479f84c10f91d1131f9261c2e679,,03/15/2025 05:00:00 AM,30,NO CONTROLS,NO CONTROLS,CLEAR,DAYLIGHT,PARKED MOTOR VEHICLE,NOT DIVIDED,,STRAIGHT AND LEVEL,DRY,NO DEFECTS,NOT ON SCENE (DESK REPORT),NO INJURY / DRIVE AWAY,,,,"$501 - $1,500",03/15/2025 10:00:00 AM,UNABLE TO DETERMINE,NOT APPLICABLE,1256,N,WASHTENAW AVE,1423,,,,,,,2,NO INDICATION OF INJURY,0,0,0,0,0,1,0,5,7,3,41.90466122,-87.6946075,POINT (-87.694607502743 41.90466122208)
224da4228d4270fd27c8f1cf1a92e7a16310b8baec734441429857ed211ae20e72c8769a1713745638e4ebcc6b0760a19a8a8153f7a7a597734a63a34b60e9a3,,01/15/2025 08:05:00 AM,30,TRAFFIC SIGNAL,FUNCTIONING PROPERLY,CLEAR,DAYLIGHT,TURNING,NOT DIVIDED,,STRAIGHT AND LEVEL,DRY,NO DEFECTS,NOT ON SCENE (DESK REPORT),NO INJURY / DRIVE AWAY,Y,,,"OVER $1,500",01/15/2025 10:50:00 AM,IMPROPER TURNING/NO SIGNAL,NOT APPLICABLE,4704,S,CICERO AVE,814,,,,,,,2,NO INDICATION OF INJURY,0,0,0,0,0,2,0,8,4,1,41.8074172,-87.7432947,POINT (-87.743294695532 41.807417197386)
22c90aa4d7dd1c86e4a726b7ee1f14ee97c1a477bf18299d474ffed67cc2d852b446a571ca9f0abbd32e1899719fc0b11dd9e1d64f406095310d8d7362dbecaf,,08/14/2024 06:30:00 PM,25,NO CONTROLS,NO CONTROLS,CLEAR,DAYLIGHT,PARKED MOTOR VEHICLE,NOT DIVIDED,,STRAIGHT AND LEVEL,DRY,NO DEFECTS,ON SCENE,NO INJURY / DRIVE AWAY,,,Y,"OVER $1,500",08/14/2024 07:00:00 PM,UNABLE TO DETERMINE,NOT APPLICABLE,1468,W,ARGYLE ST,2033,,,,,,,2,NO INDICATION OF INJURY,0,0,0,0,0,2,0,18,4,8,41.97266752,-87.66729062,POINT (-87.667290618145 41.972667518388)
496a478c971635c07dbd666ddfb60469d169402c46d0291b95e8010149497be2a744a395a44f080a1003be7426bf14cb8ac777a5a51aa7e691eeb17b41965805,,03/15/2025 12:25:00 PM,30,NO CONTROLS,NO CONTROLS,CLEAR,DAYLIGHT,TURNING,NOT DIVIDED,,STRAIGHT AND LEVEL,DRY,NO DEFECTS,ON SCENE,INJURY AND / OR TOW DUE TO CRASH,Y,,,"OVER $1,500",03/15/2025 12:28:00 PM,FAILING TO YIELD RIGHT-OF-WAY,NOT APPLICABLE,3638,N,PULASKI RD,1732,,,,,,,2,NO INDICATION OF INJURY,0,0,0,0,0,4,0,12,7,3,41.94755638,-87.72758167,POINT (-87.727581672308 41.947556382102)
49c0f88fad151ff1c3a028f541b97754a5cbbe73e503ea0905b4eb0110d6b407c728c33c7f23f2ebd6c2a2b23d7029bc84031190c6fd40797832a1a98207c3e9,,03/15/2025 01:45:00 PM,20,STOP SIGN/FLASHER,FUNCTIONING PROPERLY,CLEAR,DAYLIGHT,SIDESWIPE SAME DIRECTION,NOT DIVIDED,,STRAIGHT AND LEVEL,DRY,NO DEFECTS,NOT ON SCENE (DESK REPORT),NO INJURY / DRIVE AWAY,Y,,,"OVER $1,500",03/15/2025 01:45:00 PM,UNABLE TO DETERMINE,UNABLE TO DETERMINE,2557,S,PULASKI RD,1013,,,,,,,2,NO INDICATION OF INJURY,0,0,0,0,0,2,0,13,7,3,41.84436473,-87.72441348,POINT (-87.724413480648 41.844364728313)
3cc66aeb89434f399ca13dfd7ac8d2e0079c701c8313a73ae6614c78601b1dd8c3f3e0a231391cae5f3ae8bc794ddceed07c3703fedc1ff0cdc4f69f00f3b172,,02/23/2025 05:45:00 AM,30,NO CONTROLS,UNKNOWN,CLEAR,"DARKNESS, LIGHTED ROAD",REAR END,DIVIDED - W/MEDIAN (NOT RAISED),,STRAIGHT AND LEVEL,DRY,NO DEFECTS,ON SCENE,NO INJURY / DRIVE AWAY,,,N,"OVER $1,500",02/23/2025 05:52:00 AM,UNABLE TO DETERMINE,NOT APPLICABLE,132,N,PINE AVE,1523,,,,,,,2,NO INDICATION OF INJURY,0,0,0,0,0,2,0,5,1,2,41.88325845,-87.76343971,POINT (-87.763439711174 41.883258454379)
237df742ae6c0112b2a0739a8638828d5e5330a59d05b27a31c0bac28e9cc8192dc8f05c850bd9f0971bb9055770fe476683313ff4bf6047af0180a08d14b0f5,,01/15/2025 07:50:00 AM,30,NO CONTROLS,NO CONTROLS,CLEAR,DAYLIGHT,REAR END,NOT DIVIDED,,STRAIGHT AND LEVEL,DRY,NO DEFECTS,NOT ON SCENE (DESK REPORT),NO INJURY / DRIVE AWAY,,,,"OVER $1,500",01/15/2025 04:16:00 PM,UNABLE TO DETERMINE,NOT APPLICABLE,1700,S,DAMEN AVE,1234,,,,,,,2,NO INDICATION OF INJURY,0,0,0,0,0,2,0,7,4,1,41.85852425,-87.67616487,POINT (-87.676164872073 41.858524246754)
23a617d9ae4da577d18a1eee8afc995d8f5dfc8bf7115d85342f5e7541fc41787bbfe41f591344c5b71f0838ee43a14c487b38745e40f6057c7020cd25cbfbdd,,01/15/2025 02:00:00 PM,30,TRAFFIC SIGNAL,FUNCTIONING PROPERLY,CLEAR,DAYLIGHT,TURNING,FOUR WAY,,STRAIGHT AND LEVEL,DRY,NO DEFECTS,,NO INJURY / DRIVE AWAY,Y,,,"OVER $1,500",01/15/2025 02:30:00 PM,IMPROPER TURNING/NO SIGNAL,NOT APPLICABLE,2400,W,ADDISON ST,1921,,,,,,,2,NO INDICATION OF INJURY,0,0,0,0,0,2,0,14,4,1,41.94683999,-87.68832019,POINT (-87.68832019253 41.946839991005)
49c1e6176dc5f9eb893ca871ddf95a2557a56fc96e33ff291cf3bef7196f7f5b6b1755c3de552983f3b6f1956c61707fedb6d1ae5642116570c6c063f176088b,,08/22/2019 04:30:00 PM,30,NO CONTROLS,NO CONTROLS,CLEAR,DAYLIGHT,ANGLE,ONE-WAY,,STRAIGHT AND LEVEL,DRY,UNKNOWN,,INJURY AND / OR TOW DUE TO CRASH,,,,"OVER $1,500",08/22/2019 04:45:00 PM,FAILING TO YIELD RIGHT-OF-WAY,UNABLE TO DETERMINE,2600,W,ARTHUR AVE,2412,,,,,,,2,"REPORTED, NOT EVIDENT",1,0,0,0,1,3,0,16,5,8,41.99957497,-87.6948725,POINT (-87.694872497542 41.999574965764)
4e713a9c980fcfdd4f6f37e7f2d6f2806729e852d8e63795c3fa26fe5be3b222514e2d811952cfe6964eaa7c4572ddc0ced658a6d5a75ce333922f08ffe8dd51,,03/15/2025 10:00:00 AM,30,NO CONTROLS,NO CONTROLS,RAIN,DAYLIGHT,SIDESWIPE SAME DIRECTION,ONE-WAY,,STRAIGHT AND LEVEL,WET,NO DEFECTS,NOT ON SCENE (DESK REPORT),NO INJURY / DRIVE AWAY,,,Y,"OVER $1,500",03/16/2025 10:00:00 AM,UNABLE TO DETERMINE,UNABLE TO DETERMINE,7822,S,CARPENTER ST,612,,,,,,,2,NO INDICATION OF INJURY,0,0,0,0,0,1,0,10,7,3,41.75165703,-87.65027648,POINT (-87.650276482899 41.751657033633)
4ffd8c79e6723fc63739a01640dee67d40b8c14865dc907024afe3c336d4f9a8840c61147b9b49d008b186733418523f5d07874b32cff4ff58fed1fe17fbef15,,03/15/2025 11:20:00 AM,30,NO CONTROLS,NO CONTROLS,CLEAR,DAYLIGHT,SIDESWIPE SAME DIRECTION,NOT DIVIDED,,STRAIGHT AND LEVEL,DRY,UNKNOWN,ON SCENE,INJURY AND / OR TOW DUE TO CRASH,,,,"OVER $1,500",03/15/2025 11:24:00 AM,FAILING TO YIELD RIGHT-OF-WAY,FAILING TO YIELD RIGHT-OF-WAY,5034,N,PARKSIDE AVE,1622,,,,,,,3,NO INDICATION OF INJURY,0,0,0,0,0,2,0,11,7,3,41.97306159,-87.76988994,POINT (-87.769889939646 41.973061590001)
52b51086c5cfd96ec45be4ce07359af7370d9e65db94207216a76da25399a8207a7c392f6c48abdfff1a92a5e856a02346080208842d4c2d87675c34ba8ff522,,03/15/2025 12:45:00 PM,15,NO CONTROLS,NO CONTROLS,UNKNOWN,UNKNOWN,FIXED OBJECT,PARKING LOT,,STRAIGHT AND LEVEL,UNKNOWN,UNKNOWN,NOT ON SCENE (DESK REPORT),NO INJURY / DRIVE AWAY,,Y,,"$501 - $1,500",03/16/2025 03:00:00 PM,UNABLE TO DETERMINE,NOT APPLICABLE,2250,W,DEVON AVE,2412,,,,,,,1,NO INDICATION OF INJURY,0,0,0,0,0,1,0,12,7,3,41.99789093,-87.6869506,POINT (-87.686950600182 41.997890931358)
52e9cb7439386d1b37dfa8575458df3657b3bb8ac3103caccde88ac888360e860ce7d3105b8e5592cc50543b875d47c4c871e22e3572c3bd096834592e3c318f,,03/15/2025 11:05:00 PM,30,NO CONTROLS,NO CONTROLS,RAIN,DARKNESS,SIDESWIPE SAME DIRECTION,DIVIDED - W/MEDIAN (NOT RAISED),,STRAIGHT AND LEVEL,DRY,NO DEFECTS,NOT ON SCENE (DESK REPORT),NO INJURY / DRIVE AWAY,,,Y,$500 OR LESS,03/15/2025 11:15:00 PM,WEATHER,NOT APPLICABLE,6700,S,WESTERN AVE,832,,,,,,,2,NO INDICATION OF INJURY,0,0,0,0,0,3,0,23,7,3,41.77188403,-87.6835884,POINT (-87.683588402063 41.771884027712)
8ae7ff3b57615565e1e07702fb5d88ed87b9926366c9e7850ebb48c2a733490055197336207b9ef18a0952ebfde6c86ae285942e2f6f000c8a3d557f0877bded,,03/21/2024 09:00:00 PM,10,NO CONTROLS,NO CONTROLS,CLEAR,"DARKNESS, LIGHTED ROAD",OTHER NONCOLLISION,PARKING LOT,,STRAIGHT AND LEVEL,DRY,NO DEFECTS,ON SCENE,INJURY AND / OR TOW DUE TO CRASH,,Y,,"OVER $1,500",03/21/2024 09:05:00 PM,EQUIPMENT - VEHICLE CONDITION,EQUIPMENT - VEHICLE CONDITION,509,W,OHARE ST,1654,,,,,,,1,NO INDICATION OF INJURY,0,0,0,0,0,1,0,21,5,3,,,
542a4b3001422e80e685d2486fa17924bb374f380dc45e57f0d021391fd229a58eeb5cfcef281812cd40a56762b2a684b82497a3167c15d7793bdf33e46515db,,03/15/2025 11:51:00 AM,30,TRAFFIC SIGNAL,FUNCTIONING PROPERLY,CLEAR,DAYLIGHT,PEDALCYCLIST,NOT DIVIDED,,STRAIGHT AND LEVEL,DRY,NO DEFECTS,ON SCENE,INJURY AND / OR TOW DUE TO CRASH,Y,,,"OVER $1,500",03/15/2025 01:03:00 PM,DRIVING SKILLS/KNOWLEDGE/EXPERIENCE,NOT APPLICABLE,2001,N,LEAVITT ST,1432,,,,,,,2,NONINCAPACITATING INJURY,1,0,0,1,0,1,0,11,7,3,41.91769815,-87.68237199,POINT (-87.682371991359 41.917698146237)
57ba778f796d3a4023eb55809db5e21c0c51ec4a52a6303ccedb73aa2733f96e155426dc6f37cf1afd355b8108eef5932e5e979fc3815eea5d8d0a0a3456fd72,,03/15/2025 04:29:00 PM,30,TRAFFIC SIGNAL,FUNCTIONING PROPERLY,CLEAR,DAYLIGHT,TURNING,NOT DIVIDED,,STRAIGHT AND LEVEL,DRY,NO DEFECTS,ON SCENE,INJURY AND / OR TOW DUE TO CRASH,Y,,,"OVER $1,500",03/15/2025 04:32:00 PM,UNABLE TO DETERMINE,NOT APPLICABLE,1961,N,WESTERN AVE,1434,,,,,,,2,"REPORTED, NOT EVIDENT",1,0,0,0,1,1,0,16,7,3,41.91753166,-87.6872621,POINT (-87.68726210292 41.917531659094)
58e36097c84b1a2b489fe511879d01e0a6117039dd3726ae0e105dec44d4c65ef7d99f772fc9d95e11ad500bdc3905cbad5fcba86ed904a824ea8b3c19b42195,,03/15/2025 09:45:00 AM,30,TRAFFIC SIGNAL,FUNCTIONING PROPERLY,CLEAR,DAYLIGHT,REAR END,NOT DIVIDED,,STRAIGHT AND LEVEL,DRY,NO DEFECTS,NOT ON SCENE (DESK REPORT),NO INJURY / DRIVE AWAY,,,,"$501 - $1,500",03/15/2025 10:15:00 AM,NOT APPLICABLE,NOT APPLICABLE,7201,W,HIGGINS AVE,1613,,,,,,,2,NO INDICATION OF INJURY,0,0,0,0,0,2,0,9,7,3,41.98102763,-87.80708076,POINT (-87.807080762271 41.981027631859)
27084851e9bd6a1a3c598edbfb0597e058764bf0326fb2516d1b523af5a96dc0f171220fdec1baaee7ee27c751d713bf9a9f584268a85e26e822de9185cd79d5,,01/15/2025 07:00:00 AM,30,NO CONTROLS,NO CONTROLS,CLEAR,DAYLIGHT,OTHER OBJECT,ONE-WAY,,STRAIGHT AND LEVEL,DRY,NO DEFECTS,ON SCENE,NO INJURY / DRIVE AWAY,,,,"OVER $1,500",01/15/2025 07:30:00 AM,UNABLE TO DETERMINE,NOT APPLICABLE,5422,W,PARKER AVE,2514,,Y,,,,,1,NO INDICATION OF INJURY,0,0,0,0,0,1,0,7,4,1,41.93052623,-87.76226459,POINT (-87.76226459448 41.930526232107)
591a07b3e983478737bfc96914f8429661244860470abaa1cdad484a1262a2a255233078ff709a39a330cf8d842f42a0e959ea67fab86add7008a200f10257a6,,03/15/2025 11:27:00 AM,30,NO CONTROLS,NO CONTROLS,CLEAR,DAYLIGHT,REAR END,ONE-WAY,,STRAIGHT AND LEVEL,DRY,NO DEFECTS,ON SCENE,NO INJURY / DRIVE AWAY,N,,,"OVER $1,500",03/15/2025 11:29:00 AM,UNABLE TO DETERMINE,UNABLE TO DETERMINE,2532,W,GLENLAKE AVE,2413,,,,N,,,2,NO INDICATION OF INJURY,0,0,0,0,0,2,0,11,7,3,41.99234869,-87.69351334,POINT (-87.693513335796 41.99234868752)
5ab37ede412e99d8b6d1507806aae010773f46b69a6858aacc936078fffa0af276c2607d9629705a0e13e45de6d748adf58887ae4c6f0ab2732de644cecdaf15,,03/15/2025 06:00:00 AM,30,NO CONTROLS,NO CONTROLS,CLOUDY/OVERCAST,"DARKNESS, LIGHTED ROAD",SIDESWIPE SAME DIRECTION,DIVIDED - W/MEDIAN BARRIER,,"CURVE, LEVEL",WET,NO DEFECTS,ON SCENE,NO INJURY / DRIVE AWAY,,,N,"$501 - $1,500",03/15/2025 06:15:00 AM,IMPROPER TURNING/NO SIGNAL,FAILING TO REDUCE SPEED TO AVOID CRASH,10000,W,OHARE ST,1651,,,,,,,2,NO INDICATION OF INJURY,0,0,0,0,0,2,0,6,7,3,41.97620114,-87.90530913,POINT (-87.905309125103 41.976201139024)
5b2bc682e5bac9d8f85bdb05cb8e3f6ade486c8a44d64c309a7cb1806d2cbdd7ed7be812ecb53673c9952a1ac099b13f3c8ef024ea3b9857346e2c408fc22a01,,03/15/2025 02:10:00 PM,25,NO CONTROLS,NO CONTROLS,FREEZING RAIN/DRIZZLE,DAYLIGHT,PARKED MOTOR VEHICLE,NOT DIVIDED,,STRAIGHT AND LEVEL,WET,UNKNOWN,NOT ON SCENE (DESK REPORT),NO INJURY / DRIVE AWAY,,,Y,"OVER $1,500",03/16/2025 01:05:00 PM,UNABLE TO DETERMINE,UNABLE TO DETERMINE,3483,S,ARCHER AVE,912,,,,,,,2,NO INDICATION OF INJURY,0,0,0,0,0,1,0,14,7,3,41.83042611,-87.67738054,POINT (-87.677380538221 41.830426107361)
3213747755a959b6ad7803fccc8e3b0020bbe1af23e3a514434ac336212b678e88fd559cdbf95502d765d47ec34ce7f5f4ebab6345ec7d200adddf0cbde9bf3e,,02/03/2025 11:03,30,TRAFFIC SIGNAL,FUNCTIONING PROPERLY,CLEAR,DAYLIGHT,TURNING,NOT DIVIDED,,STRAIGHT AND LEVEL,DRY,NO DEFECTS,ON SCENE,NO INJURY / DRIVE AWAY,,,Y,$500 OR LESS,02/03/2025 11:11,IMPROPER OVERTAKING/PASSING,IMPROPER LANE USAGE,1719,W,PETERSON AVE,2012,,,,,,,2,NO INDICATION OF INJURY,0,0,0,0,0,2,0,11,2,2,41.99068291,-87.6723933,POINT (-87.672393299423 41.990682911319)
5bb63ebc8f3aabd337506e033ad786351da27f4b3b55de1ab5248ad749b624be78d31a39e8fca0367e0bb3571442fe5f910d3beffb99281b73e75815e22fee95,,03/15/2025 01:49:00 AM,30,NO CONTROLS,NO CONTROLS,RAIN,"DARKNESS, LIGHTED ROAD",TURNING,NOT DIVIDED,,STRAIGHT AND LEVEL,WET,NO DEFECTS,ON SCENE,INJURY AND / OR TOW DUE TO CRASH,,,,"OVER $1,500",03/15/2025 01:59:00 AM,IMPROPER TURNING/NO SIGNAL,UNDER THE INFLUENCE OF ALCOHOL/DRUGS (USE WHEN ARREST IS EFFECTED),3541,N,CLARK ST,1924,,,,,,,2,NONINCAPACITATING INJURY,2,0,0,1,1,4,0,1,7,3,41.94674272,-87.65597755,POINT (-87.655977554558 41.946742718233)
28882d49f78a0f5121f066ce4c3de92d08b93dc5518baf94bbe51a5e4412f8790d72a88e2f650195cb8664ba603cbd5c968efef0fe1e9775ca4b6de89f845bb8,Y,01/15/2025 09:42:00 PM,25,TRAFFIC SIGNAL,FUNCTIONING PROPERLY,UNKNOWN,"DARKNESS, LIGHTED ROAD",REAR END,DIVIDED - W/MEDIAN BARRIER,,STRAIGHT AND LEVEL,UNKNOWN,UNKNOWN,NOT ON SCENE (DESK REPORT),NO INJURY / DRIVE AWAY,,,,$500 OR LESS,01/20/2025 07:00:00 PM,UNABLE TO DETERMINE,UNABLE TO DETERMINE,702,S,CENTRAL AVE,1513,,,,,,,2,NO INDICATION OF INJURY,0,0,0,0,0,2,0,21,4,1,41.87170306,-87.76470838,POINT (-87.76470838016 41.87170306104)
5cede768b1e982c4ace48b6c7aa3d2a1781375f86450d8f2f8734745f40c6aea17afca3b71b96a41c5c661aabef5a7218ac6933a146a300732cbe983ee192231,,03/15/2025 10:50:00 PM,30,TRAFFIC SIGNAL,FUNCTIONING PROPERLY,CLOUDY/OVERCAST,"DARKNESS, LIGHTED ROAD",SIDESWIPE SAME DIRECTION,DIVIDED - W/MEDIAN (NOT RAISED),,STRAIGHT AND LEVEL,WET,NO DEFECTS,ON SCENE,NO INJURY / DRIVE AWAY,,,Y,"OVER $1,500",03/15/2025 10:52:00 PM,UNABLE TO DETERMINE,UNABLE TO DETERMINE,316,W,CERMAK RD,914,,,,,,,2,NO INDICATION OF INJURY,0,0,0,0,0,2,0,22,7,3,41.8529915,-87.63554385,POINT (-87.635543854644 41.852991503101)