CRASH_RECORD_ID,CRASH_DATE_EST_I,CRASH_DATE,POSTED_SPEED_LIMIT,TRAFFIC_CONTROL_DEVICE,DEVICE_CONDITION,WEATHER_CONDITION,LIGHTING_CONDITION,FIRST_CRASH_TYPE,TRAFFICWAY_TYPE,LANE_CNT,ALIGNMENT,ROADWAY_SURFACE_COND,ROAD_DEFECT,REPORT_TYPE,CRASH_TYPE,INTERSECTION_RELATED_I,NOT_RIGHT_OF_WAY_I,HIT_AND_RUN_I,DAMAGE,DATE_POLICE_NOTIFIED,PRIM_CONTRIBUTORY_CAUSE,SEC_CONTRIBUTORY_CAUSE,STREET_NO,STREET_DIRECTION,STREET_NAME,BEAT_OF_OCCURRENCE,PHOTOS_TAKEN_I,STATEMENTS_TAKEN_I,DOORING_I,WORK_ZONE_I,WORK_ZONE_TYPE,WORKERS_PRESENT_I,NUM_UNITS,MOST_SEVERE_INJURY,INJURIES_TOTAL,INJURIES_FATAL,INJURIES_INCAPACITATING,INJURIES_NON_INCAPACITATING,INJURIES_REPORTED_NOT_EVIDENT,INJURIES_NO_INDICATION,INJURIES_UNKNOWN,CRASH_HOUR,CRASH_DAY_OF_WEEK,CRASH_MONTH,LATITUDE,LONGITUDE,LOCATION
5d070e563de3c785b9f16c9e75f6d189642eff9d1a1eb1e8da7157b8c5e058b576b5de0893c8ec4bcdf68d0286141c8513864f4e83619d269eec8353cc95b0b0,,03/15/2025 01:24:00 PM,30,TRAFFIC SIGNAL,FUNCTIONING PROPERLY,CLEAR,DAYLIGHT,SIDESWIPE SAME DIRECTION,DIVIDED - W/MEDIAN (NOT RAISED),,STRAIGHT AND LEVEL,DRY,NO DEFECTS,NOT ON SCENE (DESK REPORT),NO INJURY / DRIVE AWAY,,,Y,$500 OR LESS,03/15/2025 01:45:00 PM,FAILING TO YIELD RIGHT-OF-WAY,IMPROPER OVERTAKING/PASSING,200,W,NORTH AVE,1814,,,,,,,2,NO INDICATION OF INJURY,0,0,0,0,0,2,0,13,7,3,41.91127114,-87.63476048,POINT (-87.634760480217 41.911271144127)
2944b1ad05100a85ec4b0cdfe587f509e67f5a5a76d08d636145c452ddf7171c1ed33684f9abd6790d1ca202a97958aad087bdd3b50a0edf42bba7367b8d9795,Y,01/15/2025 10:11:00 PM,30,OTHER,OTHER,OTHER,UNKNOWN,SIDESWIPE SAME DIRECTION,OTHER,,STRAIGHT AND LEVEL,OTHER,OTHER,NOT ON SCENE (DESK REPORT),NO INJURY / DRIVE AWAY,,,Y,"OVER $1,500",01/15/2025 11:11:00 PM,UNABLE TO DETERMINE,UNABLE TO DETERMINE,5500,S,WABASH AVE,225,,,,,,,2,NO INDICATION OF INJURY,0,0,0,0,0,2,0,22,4,1,41.79426034,-87.62422442,POINT (-87.624224419257 41.794260343739)
2993102ab5da4aa11069d54a10ce3f2a0f08b2b43073ac21bcb6e9d142f5bea4d3d73192da270500e640bf0d11426e106dc6d272466ae612bffd8772093810c0,,01/15/2025 11:28:00 AM,30,NO CONTROLS,NO CONTROLS,CLEAR,DAYLIGHT,REAR END,NOT DIVIDED,,STRAIGHT AND LEVEL,ICE,UNKNOWN,NOT ON SCENE (DESK REPORT),NO INJURY / DRIVE AWAY,,,,"OVER $1,500",01/15/2025 12:05:00 PM,UNABLE TO DETERMINE,UNABLE TO DETERMINE,1917,W,DEVON AVE,2413,,,,,,,2,NO INDICATION OF INJURY,0,0,0,0,0,2,0,11,4,1,41.99783685,-87.67759263,POINT (-87.677592628059 41.997836848256)
5f0ec52beee1c9d6c66c0cc7bca468f5f892203eea83f5c004a1a3068b3b8e5bd8cfd8de690fc28b6f93babad7127cd7bcb86bda9ae40479f9f8ec58b77dc977,,03/15/2025 12:25:00 PM,30,NO CONTROLS,NO CONTROLS,CLEAR,DAYLIGHT,REAR END,DIVIDED - W/MEDIAN (NOT RAISED),,STRAIGHT AND LEVEL,DRY,NO DEFECTS,ON SCENE,INJURY AND / OR TOW DUE TO CRASH,,,,"OVER $1,500",03/15/2025 12:45:00 PM,FOLLOWING TOO CLOSELY,NOT APPLICABLE,900,S,INDEPENDENCE BLVD,1133,,,,,,,2,NO INDICATION OF INJURY,0,0,0,0,0,4,0,12,7,3,41.86982147,-87.72038457,POINT (-87.720384573282 41.869821466244)
5f1052b119a0b37f3594bebd19874dc46f5669197b9710de9662274003d4375c81e62b957df2abaf480b1adf2de707f17547e21c0432fa1cdbab6f6d20a6420e,,03/15/2025 01:50:00 PM,30,NO CONTROLS,NO CONTROLS,CLEAR,DAYLIGHT,REAR END,DIVIDED - W/MEDIAN (NOT RAISED),,STRAIGHT AND LEVEL,DRY,NO DEFECTS,NOT ON SCENE (DESK REPORT),NO INJURY / DRIVE AWAY,Y,,Y,"$501 - $1,500",03/15/2025 02:35:00 PM,UNABLE TO DETERMINE,NOT APPLICABLE,1019,W,87TH ST,2222,,,,,,,2,NO INDICATION OF INJURY,0,0,0,0,0,3,0,13,7,3,41.73588134,-87.64930516,POINT (-87.649305158906 41.735881338769)
612eeb3582484d195fe20d158cd8bd8e10b0e09079967f8a70d13fbfab28452e783755767049fafc609a6432dcad094ddf9cf01380176e93e57c42893929f956,,03/15/2025 12:50:00 AM,30,NO CONTROLS,NO CONTROLS,RAIN,"DARKNESS, LIGHTED ROAD",ANGLE,FOUR WAY,,STRAIGHT AND LEVEL,WET,NO DEFECTS,ON SCENE,NO INJURY / DRIVE AWAY,Y,,N,$500 OR LESS,03/15/2025 12:50:00 AM,FAILING TO YIELD RIGHT-OF-WAY,WEATHER,1869,W,OGDEN AVE,1231,,,,,,,2,NO INDICATION OF INJURY,0,0,0,0,0,3,0,0,7,3,41.87528401,-87.67320741,POINT (-87.673207411204 41.875284006382)
994f330c7ff2d12a3a37692a63c57e4ad2c1c1ce7d56eada8ddd77b96a658701e617f735f09b695be76eebbf931a8c6a527cf4daab36f1771c82733f6c21b651,,03/21/2024 01:00:00 PM,30,NO CONTROLS,NO CONTROLS,CLEAR,DAYLIGHT,SIDESWIPE SAME DIRECTION,DIVIDED - W/MEDIAN BARRIER,,STRAIGHT AND LEVEL,DRY,NO DEFECTS,ON SCENE,NO INJURY / DRIVE AWAY,,,,"$501 - $1,500",03/21/2024 01:00:00 PM,DRIVING SKILLS/KNOWLEDGE/EXPERIENCE,NOT APPLICABLE,26,N,BESSIE COLEMAN DR,1654,,,,,,,2,NO INDICATION OF INJURY,0,0,0,0,0,2,0,13,5,3,,,
5eb37e527290ba5834949288f212bb8b683b9a4f352c388c0869f82449966adb2c62633f4289faa9f034277fbd0abebcbc3035b63cff2bd762e201819586049f,,03/29/2025 09:00:00 PM,30,TRAFFIC SIGNAL,FUNCTIONING PROPERLY,RAIN,"DARKNESS, LIGHTED ROAD",TURNING,NOT DIVIDED,,STRAIGHT AND LEVEL,WET,UNKNOWN,,INJURY AND / OR TOW DUE TO CRASH,Y,,,"OVER $1,500",03/29/2025 11:20:00 PM,UNABLE TO DETERMINE,UNABLE TO DETERMINE,4327,S,PULASKI RD,821,,,,,,,2,NO INDICATION OF INJURY,0,0,0,0,0,2,0,21,7,3,41.81436916,-87.72368311,POINT (-87.7236831127 41.81436916493)
441a53d130fc1d01d7aaab8a0762e522464b9e421ec9d2fab10ba1b4a3cbe24d630d52ca4da45378e92b5f00434d06d2dca739c23f71a1e63af271ae455f1c9b,,09/22/2023 03:38:00 PM,5,UNKNOWN,UNKNOWN,CLEAR,DAYLIGHT,PEDESTRIAN,PARKING LOT,,STRAIGHT AND LEVEL,DRY,NO DEFECTS,,INJURY AND / OR TOW DUE TO CRASH,,,,$500 OR LESS,09/22/2023 03:40:00 PM,UNABLE TO DETERMINE,FAILING TO YIELD RIGHT-OF-WAY,1340,S,CANAL ST,124,,,,,,,2,INCAPACITATING INJURY,1,0,1,0,0,1,0,15,6,9,41.86452119,-87.6393041,POINT (-87.639304099636 41.864521193744)
2b44e609ef8cf0f8d4c2709374fe821dfc0ae636888d5334490f78a105298fe2c8a8b40e6f687b3d2aaaeb2187936e9210e3ee7a1c21f6ec0ef642f6b439cac5,,01/15/2025 07:23:00 PM,30,TRAFFIC SIGNAL,FUNCTIONING PROPERLY,CLEAR,"DARKNESS, LIGHTED ROAD",ANGLE,NOT DIVIDED,,STRAIGHT AND LEVEL,DRY,NO DEFECTS,ON SCENE,INJURY AND / OR TOW DUE TO CRASH,Y,,,"OVER $1,500",01/15/2025 07:23:00 PM,DISREGARDING TRAFFIC SIGNALS,NOT APPLICABLE,7800,S,COTTAGE GROVE AVE,624,,,,,,,2,"REPORTED, NOT EVIDENT",1,0,0,0,1,1,0,19,4,1,41.75301313,-87.60539304,POINT (-87.605393044674 41.753013126846)
6723dd31bd0a055f22ffe9f4a54a1bf4ce4f722ac21a3c03b70e73b131a8dc3efccff5d9c28abf136fa07c6a35151b10962b0d1f506b194bcf74d384319c87ce,N,03/15/2025 01:00:00 AM,30,NO CONTROLS,NO CONTROLS,UNKNOWN,"DARKNESS, LIGHTED ROAD",TURNING,NOT DIVIDED,,STRAIGHT AND LEVEL,UNKNOWN,UNKNOWN,NOT ON SCENE (DESK REPORT),NO INJURY / DRIVE AWAY,Y,,,"OVER $1,500",03/15/2025 01:35:00 AM,IMPROPER TURNING/NO SIGNAL,UNABLE TO DETERMINE,300,S,DAMEN AVE,1225,,,,,,,2,NO INDICATION OF INJURY,0,0,0,0,0,2,0,1,7,3,41.87741284,-87.6766909,POINT (-87.676690895903 41.877412837573)
2b905a74085b3af2c54c556c03e561dca5f64d8bf7988085bcc7562063175c6f7b85ab6113bd18abc91e8a6f7c650f5a22abaac75d2d252b91acac239589e4b0,,01/15/2025 03:10:00 PM,35,NO CONTROLS,NO CONTROLS,CLEAR,DAYLIGHT,ANGLE,NOT DIVIDED,,STRAIGHT AND LEVEL,DRY,NO DEFECTS,NOT ON SCENE (DESK REPORT),NO INJURY / DRIVE AWAY,,,,"$501 - $1,500",01/16/2025 10:20:00 AM,UNABLE TO DETERMINE,UNABLE TO DETERMINE,3970,N,ELSTON AVE,1732,,,,,,,2,NO INDICATION OF INJURY,0,0,0,0,0,2,0,15,4,1,41.95337788,-87.71884823,POINT (-87.718848233718 41.953377881585)
2bbf910c378ed033bacdb5759271171a361741315594946c6e86ee61439a00d97b1c28e577b4d74fbe77624b96fcb6b51615fd4802094f4327b1e4bc12805b6b,,01/15/2025 07:21:00 AM,15,NO CONTROLS,NO CONTROLS,CLEAR,DAYLIGHT,PARKED MOTOR VEHICLE,PARKING LOT,,STRAIGHT AND LEVEL,DRY,NO DEFECTS,ON SCENE,INJURY AND / OR TOW DUE TO CRASH,,Y,,"OVER $1,500",01/15/2025 07:36:00 AM,IMPROPER OVERTAKING/PASSING,NOT APPLICABLE,3857,W,111TH ST,2211,,,,,,,2,NO INDICATION OF INJURY,0,0,0,0,0,4,0,7,4,1,41.69119388,-87.71773863,POINT (-87.717738630591 41.691193884267)
2d536a7e2c897393570cff56c2d8823cb4d4c731407854a4c484fa557d5e18c1dc997eac99a440dd4f34d64a700e9390ea5ead0d6c6a71336c1ba0324f60af8b,,01/15/2025 12:10:00 PM,30,NO CONTROLS,NO CONTROLS,CLEAR,DAYLIGHT,REAR END,NOT DIVIDED,,STRAIGHT AND LEVEL,DRY,NO DEFECTS,ON SCENE,INJURY AND / OR TOW DUE TO CRASH,,,,"OVER $1,500",01/15/2025 12:15:00 PM,UNABLE TO DETERMINE,UNABLE TO DETERMINE,3320,W,CHICAGO AVE,1121,,,,,,,2,"REPORTED, NOT EVIDENT",2,0,0,0,2,1,0,12,4,1,41.89563073,-87.70986317,POINT (-87.70986317293 41.895630734389)
3684fb485edcae76d226fd87f10edc40444ac7ac3f539a569a25307b6adb74ebff88e16c503f3e42fd312cddf265858b169109fb3a95b06bddf327d52181da2a,,02/03/2025 16:20,30,TRAFFIC SIGNAL,FUNCTIONING PROPERLY,CLEAR,DUSK,SIDESWIPE SAME DIRECTION,NOT DIVIDED,,STRAIGHT AND LEVEL,DRY,UNKNOWN,NOT ON SCENE (DESK REPORT),NO INJURY / DRIVE AWAY,,,,"OVER $1,500",02/03/2025 17:40,FOLLOWING TOO CLOSELY,FOLLOWING TOO CLOSELY,6000,S,HALSTED ST,712,,,,,,,2,NO INDICATION OF INJURY,0,0,0,0,0,3,0,16,2,2,41.78511962,-87.6450642,POINT (-87.645064198476 41.785119617011)
480f825dcef7bc219b9c4951a52399689dd5ebf75569a5f2b4da664066b514112aa276812e88508d1b08d85188ac017243e50a84b35f6eb9bc41319e01dad140,,02/23/2025 05:20:00 PM,25,NO CONTROLS,NO CONTROLS,CLEAR,DAYLIGHT,REAR TO SIDE,ONE-WAY,,STRAIGHT AND LEVEL,DRY,NO DEFECTS,ON SCENE,NO INJURY / DRIVE AWAY,,,,"OVER $1,500",02/23/2025 05:20:00 PM,FAILING TO YIELD RIGHT-OF-WAY,NOT APPLICABLE,9617,S,WOOD ST,2213,,,,,,,2,NO INDICATION OF INJURY,0,0,0,0,0,3,0,17,1,2,41.71884475,-87.66723256,POINT (-87.667232563047 41.718844748179)
9c4b52f50d8d1157a0b13af6425179c3012f3bfc307ca82f750dd25c523c6f62e005d724ad5dbb1db6654de20abebb951d004e621b2e146b74d1b03aa202f7ef,,05/17/2024 12:40:00 PM,25,NO CONTROLS,FUNCTIONING PROPERLY,CLEAR,DAYLIGHT,FIXED OBJECT,NOT DIVIDED,,STRAIGHT AND LEVEL,DRY,NO DEFECTS,ON SCENE,INJURY AND / OR TOW DUE TO CRASH,,,,"OVER $1,500",05/17/2024 12:45:00 PM,PHYSICAL CONDITION OF DRIVER,NOT APPLICABLE,770,W,OHARE ST,1654,,,,,,,1,"REPORTED, NOT EVIDENT",1,0,0,0,1,0,0,12,6,5,,,
682a687f29c5a4a4797e2c079a0517a0e09725569b20de99c7ce3e0032b348eab92afc8bd2ff3d4d99cf1d51b493bec79a8cb442c4cc2e2b4f112418327c8852,,03/15/2025 09:20:00 AM,30,NO CONTROLS,NO CONTROLS,CLEAR,DAYLIGHT,SIDESWIPE SAME DIRECTION,NOT DIVIDED,,STRAIGHT AND LEVEL,DRY,NO DEFECTS,ON SCENE,NO INJURY / DRIVE AWAY,,,,"$501 - $1,500",03/15/2025 09:24:00 AM,IMPROPER OVERTAKING/PASSING,UNABLE TO DETERMINE,5245,W,FULLERTON AVE,2515,,,,,,,2,NO INDICATION OF INJURY,0,0,0,0,0,2,0,9,7,3,41.92397326,-87.75798631,POINT (-87.757986312676 41.923973259275)
2ecfd5d8074f4774686ff5ffa056478170bb6a009f26e172a77cf012a6926b062b1f33cfbaf7792ba09551076e0e87426d6681ae1775bfb5c79f3a0af347aa15,,01/15/2025 08:17:00 AM,30,NO CONTROLS,NO CONTROLS,CLEAR,DAYLIGHT,SIDESWIPE SAME DIRECTION,ONE-WAY,,STRAIGHT AND LEVEL,SNOW OR SLUSH,NO DEFECTS,ON SCENE,NO INJURY / DRIVE AWAY,,,,"$501 - $1,500",01/15/2025 08:24:00 AM,IMPROPER OVERTAKING/PASSING,NOT APPLICABLE,8000,S,LAFAYETTE AVE,623,,,,,,,2,NO INDICATION OF INJURY,0,0,0,0,0,2,0,8,4,1,41.74900769,-87.62591915,POINT (-87.625919151184 41.74900769183)
6956072cc8bc2c932a74c7b0b4101e146e8d709a9350160ec4222ca151d513bcb95a09f05a793de4f5cc01355d06b5fba79b13963764d622567fb4dd39344ed1,,03/15/2025 04:39:00 PM,30,TRAFFIC SIGNAL,FUNCTIONING PROPERLY,CLEAR,DAYLIGHT,SIDESWIPE SAME DIRECTION,DIVIDED - W/MEDIAN (NOT RAISED),,STRAIGHT AND LEVEL,DRY,NO DEFECTS,NOT ON SCENE (DESK REPORT),NO INJURY / DRIVE AWAY,,,,"OVER $1,500",03/15/2025 05:10:00 PM,UNABLE TO DETERMINE,NOT APPLICABLE,8341,S,COTTAGE GROVE AVE,632,,,,,,,2,NO INDICATION OF INJURY,0,0,0,0,0,3,0,16,7,3,41.74272599,-87.60485134,POINT (-87.604851343535 41.742725991086)
69a33174d4eb5c8117290f2a0d515d9502c90cbd94db8fbca661018b7087ce7c96eea8450a798d35033ee5d7859e9b6ff87d9fa35d18655778f31bfcf502067e,,03/15/2025 06:00:00 AM,25,NO CONTROLS,NO CONTROLS,CLOUDY/OVERCAST,DAWN,SIDESWIPE SAME DIRECTION,ONE-WAY,,STRAIGHT AND LEVEL,DRY,NO DEFECTS,ON SCENE,NO INJURY / DRIVE AWAY,,,,"OVER $1,500",03/15/2025 06:08:00 AM,FAILING TO YIELD RIGHT-OF-WAY,DRIVING SKILLS/KNOWLEDGE/EXPERIENCE,5,W,TERMINAL ST,1655,,,,,,,2,NO INDICATION OF INJURY,0,0,0,0,0,2,0,6,7,3,,,
6b46db7ecdbed631b8119b9bb8c072427c55c0a7ce928812e4415b18ea8d6ad93166fc4f659299963956d9a6a52f10c4e38dbf28428dc03ebfcf799e2866a72c,,03/15/2025 04:38:00 PM,30,STOP SIGN/FLASHER,FUNCTIONING PROPERLY,UNKNOWN,DAYLIGHT,ANGLE,DIVIDED - W/MEDIAN (NOT RAISED),,STRAIGHT AND LEVEL,DRY,NO DEFECTS,NOT ON SCENE (DESK REPORT),NO INJURY / DRIVE AWAY,,,Y,"$501 - $1,500",03/15/2025 05:50:00 PM,UNABLE TO DETERMINE,UNABLE TO DETERMINE,4432,W,LELAND AVE,1722,,,,,,,2,NO INDICATION OF INJURY,0,0,0,0,0,3,0,16,7,3,41.96639666,-87.73993327,POINT (-87.739933271256 41.96639665823)
a00ba44fe3ce68686db0fca2e54e8582bfcae0060897121418e36c5c2a6ae8d827b30ee5f1ed3e25b2d285f3245cb4b0a27d3d6fd82fba5d668ef58823f30960,,05/17/2024 09:26:00 AM,20,NO CONTROLS,NO CONTROLS,CLEAR,DAYLIGHT,SIDESWIPE SAME DIRECTION,OTHER,,STRAIGHT AND LEVEL,DRY,NO DEFECTS,ON SCENE,NO INJURY / DRIVE AWAY,,,,"OVER $1,500",05/17/2024 09:28:00 AM,UNABLE TO DETERMINE,NOT APPLICABLE,1,W,TERMINAL ST,1651,,,,,,,2,NO INDICATION OF INJURY,0,0,0,0,0,2,0,9,6,5,,,
6b938a31a9f8492a85b4ec788045dbeef5d7a4ccf32d9e5f5c67a33f7440345df3f7ae2ed8e12815a643d33d231d133ed7c31aa5122a6d5ddf3afbbf97878a1b,,03/15/2025 05:30:00 PM,30,UNKNOWN,UNKNOWN,CLOUDY/OVERCAST,DAYLIGHT,PARKED MOTOR VEHICLE,NOT DIVIDED,,STRAIGHT AND LEVEL,UNKNOWN,UNKNOWN,NOT ON SCENE (DESK REPORT),NO INJURY / DRIVE AWAY,,,,"OVER $1,500",03/15/2025 07:00:00 PM,UNABLE TO DETERMINE,UNABLE TO DETERMINE,200,N,STETSON AVE,114,,,,,,,2,NO INDICATION OF INJURY,0,0,0,0,0,1,0,17,7,3,41.88583536,-87.62245569,POINT (-87.622455691865 41.885835359762)
6c62b1b0bbd5f9aa15545ebf5a23d02cf07a6c9b0e6d5f55782c3532c5dad1f4643455b570ea295e657cee79ae0df91f1b2e39ee07b7e7b684369d0751234305,,03/15/2025 03:30:00 PM,30,STOP SIGN/FLASHER,FUNCTIONING PROPERLY,CLEAR,DAYLIGHT,PEDESTRIAN,NOT DIVIDED,,STRAIGHT AND LEVEL,DRY,NO DEFECTS,ON SCENE,INJURY AND / OR TOW DUE TO CRASH,Y,,,$500 OR LESS,03/15/2025 04:19:00 PM,FAILING TO YIELD RIGHT-OF-WAY,NOT APPLICABLE,3399,N,GREENVIEW AVE,1922,,,,,,,2,NONINCAPACITATING INJURY,1,0,0,1,0,1,0,15,7,3,41.94333713,-87.66619399,POINT (-87.666193989599 41.943337129528)
6c89f7c5a1844c332cc3cafe6bd788aeb92894a30879379604fd440c6bbc48734f48c3018cc490145a3a0bc37d49b3a6c72bfa6be0625b01f3cb7b7fef702e00,Y,03/15/2025 01:25:00 AM,30,NO CONTROLS,NO CONTROLS,RAIN,"DARKNESS, LIGHTED ROAD",REAR TO FRONT,NOT DIVIDED,,STRAIGHT AND LEVEL,WET,NO DEFECTS,ON SCENE,INJURY AND / OR TOW DUE TO CRASH,,,,"OVER $1,500",03/15/2025 02:40:00 AM,DRIVING ON WRONG SIDE/WRONG WAY,UNABLE TO DETERMINE,8748,S,JEFFERY BLVD,412,,,,,,,2,"REPORTED, NOT EVIDENT",1,0,0,0,1,1,0,1,7,3,41.73560413,-87.57583245,POINT (-87.575832448815 41.735604129658)
31daee4d3a4727c62042c65c8b148cc063f1aa1695ca13ea2c367d6e4bdc28123402cb398542c739aa924d31e745d530de66c0da04529ce5a54690d6fafac9d0,,01/15/2025 07:55:00 PM,25,NO CONTROLS,NO CONTROLS,CLEAR,"DARKNESS, LIGHTED ROAD",TURNING,DIVIDED - W/MEDIAN (NOT RAISED),,STRAIGHT AND LEVEL,UNKNOWN,UNKNOWN,NOT ON SCENE (DESK REPORT),NO INJURY / DRIVE AWAY,,,,"OVER $1,500",01/16/2025 12:01:00 AM,FAILING TO YIELD RIGHT-OF-WAY,NOT APPLICABLE,3003,W,TOUHY AVE,2411,,,,,,,2,NO INDICATION OF INJURY,0,0,0,0,0,2,0,19,4,1,42.01185028,-87.70464009,POINT (-87.704640085447 42.011850276505)
6ec2df39459c656cb91777bda1e56735badd676116251d2999ae406fefd5ec6ee17bdb3fa41dcea2db4048fdf1df5247749103138c550c16a883ecbe10c3a97e,,03/15/2025 11:44:00 AM,30,TRAFFIC SIGNAL,FUNCTIONING PROPERLY,CLEAR,DAYLIGHT,ANGLE,FOUR WAY,,STRAIGHT AND LEVEL,UNKNOWN,UNKNOWN,NOT ON SCENE (DESK REPORT),NO INJURY / DRIVE AWAY,Y,,,"OVER $1,500",03/15/2025 01:40:00 PM,UNABLE TO DETERMINE,UNABLE TO DETERMINE,1232,W,GRAND AVE,1214,,,,,,,2,NO INDICATION OF INJURY,0,0,0,0,0,3,0,11,7,3,41.89117273,-87.65894797,POINT (-87.658947968744 41.891172732655)
3347ffa406f91f9e8df5c8a7dc912dc6f5c791f8d480f8e7e5226cdc7139acf699540365c5f4dd6b8c24dde9a1050173bc51f236abec0209ca2761a9d1facccd,,01/15/2025 03:21:00 PM,30,NO CONTROLS,NO CONTROLS,CLEAR,DAYLIGHT,ANGLE,NOT DIVIDED,,STRAIGHT AND LEVEL,DRY,NO DEFECTS,NOT ON SCENE (DESK REPORT),NO INJURY / DRIVE AWAY,,,N,"$501 - $1,500",01/15/2025 04:45:00 PM,IMPROPER BACKING,UNABLE TO DETERMINE,1945,N,RIDGEWAY AVE,2535,,,,,,,2,NO INDICATION OF INJURY,0,0,0,0,0,3,0,15,4,1,41.91672163,-87.72027966,POINT (-87.720279656463 41.91672162756)
01347c6fbf7e2b873316e021768a52053d7caa6fd655e4543bd37ce22ececb2b2cee7b6969fe66487a0e1afd76c30f3c99828d27a8dcf51649af23e875629141,,05/31/2024 10:00:00 PM,20,NO CONTROLS,NO CONTROLS,CLEAR,"DARKNESS, LIGHTED ROAD",SIDESWIPE SAME DIRECTION,ONE-WAY,,STRAIGHT AND LEVEL,DRY,NO DEFECTS,NOT ON SCENE (DESK REPORT),NO INJURY / DRIVE AWAY,,,,"OVER $1,500",06/01/2024 12:20,UNABLE TO DETERMINE,NOT APPLICABLE,10000,W,BALMORAL AVE,1654,,,,,,,2,NO INDICATION OF INJURY,0,0,0,0,0,3,0,22,6,5,,,
a9ee386636d23cc57ef08116bf18e6b920e4f74930ed7e4af7ba4c1a289a5b6769021ccb5726eeb57ef77c9c9f394570a18f0eb095ac71f03511dbf8327554f6,,03/21/2024 04:17:00 PM,25,TRAFFIC SIGNAL,FUNCTIONING PROPERLY,CLEAR,DAYLIGHT,FIXED OBJECT,DIVIDED - W/MEDIAN BARRIER,,STRAIGHT AND LEVEL,DRY,UNKNOWN,ON SCENE,NO INJURY / DRIVE AWAY,,,,"OVER $1,500",03/21/2024 04:17:00 PM,DRIVING SKILLS/KNOWLEDGE/EXPERIENCE,NOT APPLICABLE,600,E,RANDOLPH ST,114,,,,Y,UNKNOWN,,1,NO INDICATION OF INJURY,0,0,0,0,0,1,0,16,5,3,,,