CRASH_RECORD_ID,CRASH_DATE_EST_I,CRASH_DATE,POSTED_SPEED_LIMIT,TRAFFIC_CONTROL_DEVICE,DEVICE_CONDITION,WEATHER_CONDITION,LIGHTING_CONDITION,FIRST_CRASH_TYPE,TRAFFICWAY_TYPE,LANE_CNT,ALIGNMENT,ROADWAY_SURFACE_COND,ROAD_DEFECT,REPORT_TYPE,CRASH_TYPE,INTERSECTION_RELATED_I,NOT_RIGHT_OF_WAY_I,HIT_AND_RUN_I,DAMAGE,DATE_POLICE_NOTIFIED,PRIM_CONTRIBUTORY_CAUSE,SEC_CONTRIBUTORY_CAUSE,STREET_NO,STREET_DIRECTION,STREET_NAME,BEAT_OF_OCCURRENCE,PHOTOS_TAKEN_I,STATEMENTS_TAKEN_I,DOORING_I,WORK_ZONE_I,WORK_ZONE_TYPE,WORKERS_PRESENT_I,NUM_UNITS,MOST_SEVERE_INJURY,INJURIES_TOTAL,INJURIES_FATAL,INJURIES_INCAPACITATING,INJURIES_NON_INCAPACITATING,INJURIES_REPORTED_NOT_EVIDENT,INJURIES_NO_INDICATION,INJURIES_UNKNOWN,CRASH_HOUR,CRASH_DAY_OF_WEEK,CRASH_MONTH,LATITUDE,LONGITUDE,LOCATION
3f786cdf8fea5ab775f58191db3ebae597920441d6d9657f4116c2e0934ca987ceaf974a7f6f0a12adcf385d3777fb0edc78fa576b183b8707680b128f4dfd91,Y,01/15/2025 07:05:00 PM,15,UNKNOWN,OTHER,CLEAR,DUSK,FIXED OBJECT,NOT DIVIDED,,STRAIGHT AND LEVEL,DRY,NO DEFECTS,ON SCENE,NO INJURY / DRIVE AWAY,,Y,,"$501 - $1,500",01/15/2025 07:10:00 PM,DRIVING SKILLS/KNOWLEDGE/EXPERIENCE,NOT APPLICABLE,1639,N,WELLS ST,1814,,,,,,,1,NO INDICATION OF INJURY,0,0,0,0,0,1,0,19,4,1,41.9123118,-87.63459886,POINT (-87.634598855514 41.912311795218)
4ca835c64837cbdc62e6e80fff4056705ec633f045e8ab0d627521172208f3d756b8b4902331a05c516e809d1749ec7262b83b3f2237b5d45b01cd82d0bd266b,,02/03/2025 13:15,30,TRAFFIC SIGNAL,FUNCTIONING PROPERLY,CLEAR,DAYLIGHT,TURNING,ONE-WAY,,STRAIGHT AND LEVEL,DRY,NO DEFECTS,NOT ON SCENE (DESK REPORT),NO INJURY / DRIVE AWAY,Y,,Y,"OVER $1,500",02/03/2025 13:18,IMPROPER OVERTAKING/PASSING,NOT APPLICABLE,5500,S,WELLS ST,711,,,,,,,2,NO INDICATION OF INJURY,0,0,0,0,0,3,0,13,2,2,41.79419949,-87.63192548,POINT (-87.631925482492 41.794199485414)
4ce396b5834a96d0459f01c24d5a62cbe5c94deea240d443ee158bf45015ea8ed2ac77a243359ebc69888bae716d61250b034fce9ef3efa6550e67cfadd4493b,,02/03/2025 17:15,30,TRAFFIC SIGNAL,FUNCTIONING IMPROPERLY,UNKNOWN,DAYLIGHT,SIDESWIPE SAME DIRECTION,DIVIDED - W/MEDIAN (NOT RAISED),,STRAIGHT AND LEVEL,UNKNOWN,UNKNOWN,NOT ON SCENE (DESK REPORT),NO INJURY / DRIVE AWAY,,,,"$501 - $1,500",02/03/2025 18:00,FAILING TO YIELD RIGHT-OF-WAY,FAILING TO YIELD RIGHT-OF-WAY,1187,N,LARAMIE AVE,1531,,,,,,,2,NO INDICATION OF INJURY,0,0,0,0,0,2,0,17,2,2,41.90215999,-87.75562504,POINT (-87.755625042059 41.902159985082)
7a169cde5a548684fdb462c754b931665b73477c9c9ccdb4f0a399b320a44729f7c4fae83c56b5c42558842b9525b0d30a96c2511efa501d7d2e7f9915b814c2,Y,03/15/2025 03:00:00 AM,25,NO CONTROLS,NO CONTROLS,CLEAR,"DARKNESS, LIGHTED ROAD",PARKED MOTOR VEHICLE,NOT DIVIDED,,STRAIGHT AND LEVEL,WET,NO DEFECTS,ON SCENE,INJURY AND / OR TOW DUE TO CRASH,,,,"OVER $1,500",03/15/2025 03:05:00 AM,UNABLE TO DETERMINE,UNABLE TO DETERMINE,4756,N,CENTRAL PARK AVE,1723,,,,,,,3,NO INDICATION OF INJURY,0,0,0,0,0,1,0,3,7,3,41.96819881,-87.7183981,POINT (-87.718398096331 41.968198804979)
4d5f77d470478b70382690ab1d86a561be06728bd3faa226ff6a16309c88b0f9e96ff878e1efd0b6c9b7ddd6c0c4b9565c83f5a217378a2419a611074899eaf2,,02/03/2025 14:00,30,TRAFFIC SIGNAL,FUNCTIONING PROPERLY,CLEAR,DAYLIGHT,REAR END,NOT DIVIDED,,STRAIGHT AND LEVEL,DRY,UNKNOWN,NOT ON SCENE (DESK REPORT),NO INJURY / DRIVE AWAY,,,Y,$500 OR LESS,02/03/2025 14:40,FOLLOWING TOO CLOSELY,UNABLE TO DETERMINE,1756,S,WESTERN AVE,1023,,,,,,,2,NO INDICATION OF INJURY,0,0,0,0,0,2,0,14,2,2,41.85750153,-87.68597144,POINT (-87.685971438053 41.857501529108)
437061cb2c47d1062ba878f4512360462db2a3f0c75373fae2fb53920293b5619bd0e17890f54a54f6643b0a63205ebf8ac79fe24a12f03ae3e102d8ab4021fc,,01/02/2025 14:00,35,TRAFFIC SIGNAL,FUNCTIONING PROPERLY,UNKNOWN,DAYLIGHT,REAR END,DIVIDED - W/MEDIAN (NOT RAISED),,STRAIGHT AND LEVEL,UNKNOWN,UNKNOWN,,NO INJURY / DRIVE AWAY,,,Y,"OVER $1,500",01/02/2025 17:40,UNABLE TO DETERMINE,NOT APPLICABLE,9500,S,DR MARTIN LUTHER KING JR DR,511,,,,,,,4,NO INDICATION OF INJURY,0,0,0,0,0,4,0,14,5,1,41.72179922,-87.61428708,POINT (-87.614287075979 41.721799219894)
513336abe52ec0e7e86e39fe4e6db1f7242687ad46609f97700aae76568edce4e3bca2c422882d87c804d53fb2e00a30f505fb770a73acf03478989d710afbd6,,02/03/2025 15:34,30,PEDESTRIAN CROSSING SIGN,FUNCTIONING PROPERLY,CLEAR,DAYLIGHT,REAR END,DIVIDED - W/MEDIAN (NOT RAISED),,STRAIGHT AND LEVEL,OTHER,UNKNOWN,ON SCENE,NO INJURY / DRIVE AWAY,Y,,,"OVER $1,500",02/03/2025 15:59,FAILING TO REDUCE SPEED TO AVOID CRASH,NOT APPLICABLE,2700,S,CALIFORNIA BLVD,1034,,,,,,,2,NO INDICATION OF INJURY,0,0,0,0,0,2,0,15,2,2,41.84285894,-87.6947541,POINT (-87.69475410112 41.842858943383)
43a0501b5fc966ef4ac7ad9aaa04c2ca944cc6bd2de23e3c4ffd6de80ecf265d015ad460b8d6cb3472ddeaa7321d08a13c5f16f18eb42a44a7045948618dbabd,,01/16/2025 07:20:00 AM,30,NO CONTROLS,NO CONTROLS,CLOUDY/OVERCAST,DAYLIGHT,REAR END,NOT DIVIDED,,STRAIGHT AND LEVEL,WET,NO DEFECTS,,NO INJURY / DRIVE AWAY,,,,"$501 - $1,500",01/16/2025 07:24:00 AM,FAILING TO YIELD RIGHT-OF-WAY,IMPROPER OVERTAKING/PASSING,463,W,CHICAGO AVE,1831,,,,,,,3,NO INDICATION OF INJURY,0,0,0,0,0,2,0,7,5,1,41.89639092,-87.64096138,POINT (-87.640961375168 41.896390924672)
7be135cbe64272a2042574cf00ad688f82ff1fadbedb397d6803082e2aef600f39744994798011eef8244094fe7f87d2dda5964ac54858b8f510a60f1b737810,,03/15/2025 10:37:00 PM,30,NO CONTROLS,NO CONTROLS,RAIN,"DARKNESS, LIGHTED ROAD",ANGLE,NOT DIVIDED,,STRAIGHT AND LEVEL,WET,UNKNOWN,NOT ON SCENE (DESK REPORT),NO INJURY / DRIVE AWAY,,,,"OVER $1,500",03/16/2025 05:15:00 PM,DRIVING SKILLS/KNOWLEDGE/EXPERIENCE,NOT APPLICABLE,6941,S,WESTERN AVE,832,,,,,,,2,NO INDICATION OF INJURY,0,0,0,0,0,2,0,22,7,3,41.76711646,-87.68316294,POINT (-87.68316294094 41.767116464396)
7c0feead6e459d63cf0e8618c2c4bc7e3bac1980805b0a1d063abef3b03c99f8a1ca45ad17a550f2d3caef6ce4e9b4fb5d48e73d06acccaa4d9c4295dafd1c55,,03/15/2025 06:00:00 PM,30,NO CONTROLS,NO CONTROLS,CLEAR,UNKNOWN,PARKED MOTOR VEHICLE,NOT DIVIDED,,STRAIGHT AND LEVEL,DRY,NO DEFECTS,ON SCENE,NO INJURY / DRIVE AWAY,,,Y,"$501 - $1,500",03/16/2025 04:20:00 PM,UNABLE TO DETERMINE,UNABLE TO DETERMINE,8501,S,JEFFERY BLVD,412,,,,,,,2,NO INDICATION OF INJURY,0,0,0,0,0,1,0,18,7,3,41.74060492,-87.57562837,POINT (-87.575628365496 41.740604917489)
7c1c69ca6cc4f281407bc8286097bb75955e0246e1ec6f521af8d71fc0020ff53de993b75e6e2e773928ccd6b9778adbfb0194417bc36c146ee5aaf86bffe82a,,03/15/2025 02:30:00 PM,30,UNKNOWN,UNKNOWN,CLOUDY/OVERCAST,DAYLIGHT,REAR END,NOT DIVIDED,,STRAIGHT AND LEVEL,UNKNOWN,UNKNOWN,NOT ON SCENE (DESK REPORT),NO INJURY / DRIVE AWAY,,,Y,"OVER $1,500",03/15/2025 03:00:00 PM,UNABLE TO DETERMINE,UNABLE TO DETERMINE,600,W,DIVISION ST,1822,,,,,,,2,NO INDICATION OF INJURY,0,0,0,0,0,2,0,14,7,3,41.90382523,-87.64328636,POINT (-87.643286359995 41.903825233976)
44a7f9135ce47aa8e61da063d7b00bbbef5431b2640dbaa7a26fdc019bdbf2da702333fb63c34302988c69a0bcf10bd2950a007ac54710f401b58b457e33181a,,01/15/2025 08:45:00 AM,30,TRAFFIC SIGNAL,FUNCTIONING PROPERLY,CLEAR,DAYLIGHT,REAR END,TRAFFIC ROUTE,,STRAIGHT AND LEVEL,DRY,NO DEFECTS,NOT ON SCENE (DESK REPORT),NO INJURY / DRIVE AWAY,,,Y,"OVER $1,500",01/15/2025 04:25:00 PM,UNABLE TO DETERMINE,FOLLOWING TOO CLOSELY,11498,S,MARSHFIELD AVE,2234,,,,,,,2,NO INDICATION OF INJURY,0,0,0,0,0,2,0,8,4,1,41.68489203,-87.66286074,POINT (-87.662860741623 41.684892031318)
6afcb008f087fd35029ec84ab3c96ff72229bfc93a4af0c67f598e85a9e83ba1571ed9a703a6400c7012980976cc2c85447a7ceacbc32630a859a44f8c4bbd46,,02/23/2025 10:30:00 PM,30,TRAFFIC SIGNAL,FUNCTIONING PROPERLY,CLEAR,"DARKNESS, LIGHTED ROAD",SIDESWIPE SAME DIRECTION,DIVIDED - W/MEDIAN (NOT RAISED),,STRAIGHT AND LEVEL,DRY,NO DEFECTS,NOT ON SCENE (DESK REPORT),NO INJURY / DRIVE AWAY,Y,,,"OVER $1,500",02/23/2025 11:00:00 PM,FAILING TO YIELD RIGHT-OF-WAY,UNABLE TO DETERMINE,247,W,63RD ST,722,,,,,,,2,NO INDICATION OF INJURY,0,0,0,0,0,2,0,22,1,2,41.77985169,-87.63195956,POINT (-87.631959557265 41.779851684972)
4530c57e3b16ce1d4c5d43a19f8f64fa38b944efe1886b5a9f8f6cf6cce0e0e60fe9a855c7748c9269723d99db4deedb88455f9acbbc7c1ff39ded6ab7d11453,,01/15/2025 01:00:00 PM,15,NO CONTROLS,NO CONTROLS,CLEAR,DAYLIGHT,PARKED MOTOR VEHICLE,NOT DIVIDED,,STRAIGHT AND LEVEL,DRY,NO DEFECTS,NOT ON SCENE (DESK REPORT),NO INJURY / DRIVE AWAY,,Y,Y,"OVER $1,500",01/20/2025 02:58:00 PM,UNABLE TO DETERMINE,NOT APPLICABLE,2550,N,CLYBOURN AVE,1931,,,,,,,2,NO INDICATION OF INJURY,0,0,0,0,0,1,0,13,4,1,41.92787172,-87.67325881,POINT (-87.67325881463 41.927871723118)
455276b8aa7421bbb222548ca7bd8f6e85c7a26cc47c02e9879a64c6e5d9ac8200b59111570396dbf890a68acae14dce7b377e1e5d2b9fbf7d845cb8534a8add,,01/15/2025 01:00:00 PM,25,NO CONTROLS,NO CONTROLS,CLEAR,DAYLIGHT,PARKED MOTOR VEHICLE,OTHER,,STRAIGHT AND LEVEL,DRY,NO DEFECTS,NOT ON SCENE (DESK REPORT),NO INJURY / DRIVE AWAY,,,Y,"OVER $1,500",01/15/2025 02:48:00 PM,UNABLE TO DETERMINE,UNABLE TO DETERMINE,9048,S,YALE AVE,634,,,,,,,2,NO INDICATION OF INJURY,0,0,0,0,0,1,0,13,4,1,41.72925087,-87.63035412,POINT (-87.630354120563 41.729250868297)
7e6dab1584503e2891b8beafdb2735c6c93d81f8bb9394868a4a12326ca798ac069498541b6ba071f72a9a70517106f0eb2c95f8191d21db0d8b919914f8ba8d,,03/15/2025 11:15:00 AM,30,TRAFFIC SIGNAL,UNKNOWN,CLEAR,DAYLIGHT,REAR TO SIDE,NOT DIVIDED,,STRAIGHT AND LEVEL,UNKNOWN,UNKNOWN,NOT ON SCENE (DESK REPORT),NO INJURY / DRIVE AWAY,,,,"OVER $1,500",03/15/2025 11:39:00 AM,UNABLE TO DETERMINE,UNABLE TO DETERMINE,1930,W,103RD ST,2213,,,,,,,2,NO INDICATION OF INJURY,0,0,0,0,0,3,0,11,7,3,41.70667504,-87.67038174,POINT (-87.67038174389 41.706675044524)
6d97074583bb0595054e7383f593bdb8afce91ae46a43ac19a5b3d1b4f83d71fe804f54d49ff93c36b2b8a755be421e520b37b11f38839d9457ebf4cf3450667,,02/23/2025 01:40:00 PM,30,TRAFFIC SIGNAL,NO CONTROLS,CLEAR,DAYLIGHT,REAR END,NOT DIVIDED,,STRAIGHT AND LEVEL,DRY,NO DEFECTS,NOT ON SCENE (DESK REPORT),NO INJURY / DRIVE AWAY,Y,,Y,"OVER $1,500",02/23/2025 05:14:00 PM,NOT APPLICABLE,NOT APPLICABLE,4101,W,WASHINGTON BLVD,1115,,,,,,,2,NO INDICATION OF INJURY,0,0,0,0,0,2,0,13,1,2,41.88190281,-87.72827773,POINT (-87.728277730792 41.881902811289)
fbf90623bd5cda47e067b08f65eff4fa9f385087330ccb6d05e7ea488cb276e4ea81f04a1ae6a4fe608f17e73ff036fe244a27be7cf9f1bb0171e1f8850733c1,,09/26/2023 08:20:00 AM,30,NO CONTROLS,NO CONTROLS,RAIN,DUSK,REAR END,DIVIDED - W/MEDIAN (NOT RAISED),,STRAIGHT AND LEVEL,WET,NO DEFECTS,ON SCENE,INJURY AND / OR TOW DUE TO CRASH,,,,"$501 - $1,500",09/26/2023 09:20:00 AM,WEATHER,NOT APPLICABLE,3441,W,GRAND AVE,1121,,,,,,,2,"REPORTED, NOT EVIDENT",3,0,0,0,3,0,0,8,3,9,41.90052616,-87.71268259,POINT (-87.712682587959 41.900526159988)
46f4dc520cc2a9b4327918e1427b4a1a693ec913f4a30bf6574a58d971e5fb0f44e18a7261acbcdc3d7aee62731195a3e13be9f4ecdf2ed7ef8bfc75b00f3662,,01/15/2025 08:05:00 PM,30,NO CONTROLS,NO CONTROLS,CLEAR,"DARKNESS, LIGHTED ROAD",REAR END,NOT DIVIDED,,STRAIGHT AND LEVEL,UNKNOWN,UNKNOWN,NOT ON SCENE (DESK REPORT),NO INJURY / DRIVE AWAY,,,,"OVER $1,500",01/15/2025 09:00:00 PM,UNABLE TO DETERMINE,UNABLE TO DETERMINE,4200,W,IRVING PARK RD,1722,,,,,,,2,NO INDICATION OF INJURY,0,0,0,0,0,2,0,20,4,1,41.95370551,-87.73255098,POINT (-87.732550981181 41.953705509686)
4712d52513e0e023c7cdc0af5674d1740ee6a3c433922a41ef8138736f4f6a6a8ec9e3d176554e2da2f8ec799f007a44fb7ad9f4339c5ed09f7b89d3bd1446da,,01/15/2025 11:15:00 AM,30,NO CONTROLS,NO CONTROLS,CLEAR,DAWN,SIDESWIPE SAME DIRECTION,NOT DIVIDED,,STRAIGHT AND LEVEL,DRY,NO DEFECTS,ON SCENE,NO INJURY / DRIVE AWAY,,,,"OVER $1,500",01/15/2025 11:15:00 AM,IMPROPER OVERTAKING/PASSING,NOT APPLICABLE,2211,N,CALIFORNIA AVE,1431,,,,,,,2,NO INDICATION OF INJURY,0,0,0,0,0,2,0,11,4,1,41.92202824,-87.69718337,POINT (-87.697183369862 41.922028242779)
588083f7df534d07303e53d60f6bda257e20d121468e70cb9aec24b246aa18d96007e065d7017b02d6afcf70cb1e2b42b9b8dd7a4272b847ea5bd2cf78144483,,01/23/2024 05:25:00 PM,30,NO CONTROLS,NO CONTROLS,CLEAR,"DARKNESS, LIGHTED ROAD",TURNING,NOT DIVIDED,,STRAIGHT AND LEVEL,WET,NO DEFECTS,NOT ON SCENE (DESK REPORT),NO INJURY / DRIVE AWAY,,,,"OVER $1,500",01/23/2024 06:30:00 PM,FAILING TO YIELD RIGHT-OF-WAY,UNABLE TO DETERMINE,2828,N,PULASKI RD,2523,,,,,,,2,NO INDICATION OF INJURY,0,0,0,0,0,2,0,17,3,1,41.93260422,-87.72714823,POINT (-87.727148226037 41.932604221966)
6efdba0890ebc883c6b38365f5faf219e0a4167d44473454a15138e53db4ecd199b202da0cb49ded4c12fb3a3223072be7cac749b79314f04059c933ff221913,,02/23/2025 04:00:00 PM,30,NO CONTROLS,NO CONTROLS,CLEAR,DAYLIGHT,REAR END,NOT DIVIDED,,STRAIGHT AND LEVEL,DRY,NO DEFECTS,ON SCENE,INJURY AND / OR TOW DUE TO CRASH,,,Y,"OVER $1,500",02/23/2025 04:13:00 PM,IMPROPER LANE USAGE,FAILING TO YIELD RIGHT-OF-WAY,5600,S,WELLS ST,711,,,,,,,2,NO INDICATION OF INJURY,0,0,0,0,0,2,0,16,1,2,41.79249961,-87.63193142,POINT (-87.631931419596 41.792499605983)
fd05285e9d273fe20cbbebf84794045828a2ba589073b6c92a05f7656d6a31172e5e79847caf4c04f3bebf91ed7f2cab1a871cf53690f71f3d940f839a1c8fc4,,07/29/2023 02:30:00 PM,10,NO CONTROLS,NO CONTROLS,UNKNOWN,UNKNOWN,ANGLE,PARKING LOT,,STRAIGHT AND LEVEL,UNKNOWN,UNKNOWN,NOT ON SCENE (DESK REPORT),NO INJURY / DRIVE AWAY,,,Y,"$501 - $1,500",08/03/2023 13:55,UNABLE TO DETERMINE,NOT APPLICABLE,1320,E,47TH ST,222,,,,,,,2,NO INDICATION OF INJURY,0,0,0,0,0,2,0,14,7,7,41.80978115,-87.59421281,POINT (-87.594212812011 41.809781151018)
47e08938104542ff76b3f564f6a511dde6a151d892b94c7f4d1199a58d0ca3155dde7307620cea225a5086d32f7643608985a7cf0df76703d54240efec289020,,01/15/2025 06:09:00 PM,30,UNKNOWN,UNKNOWN,UNKNOWN,UNKNOWN,REAR END,DIVIDED - W/MEDIAN (NOT RAISED),,STRAIGHT AND LEVEL,UNKNOWN,UNKNOWN,NOT ON SCENE (DESK REPORT),NO INJURY / DRIVE AWAY,,,,"$501 - $1,500",01/15/2025 07:10:00 PM,UNABLE TO DETERMINE,NOT APPLICABLE,5901,N,SHERIDAN RD,2022,,,,,,,2,NO INDICATION OF INJURY,0,0,0,0,0,2,0,18,4,1,41.9892552,-87.65521256,POINT (-87.655212560586 41.989255198914)
ffaf9ccafa7ed2527abd572e25edc18135e36424cfc670f0a97b7a99510bf80c0620427081ad455722897aafda59078bf74ad2cf5dcc1783527ae2fd886c8ecb,,08/26/2023 06:02:00 PM,20,STOP SIGN/FLASHER,FUNCTIONING PROPERLY,CLEAR,DAYLIGHT,FIXED OBJECT,PARKING LOT,,STRAIGHT AND LEVEL,DRY,NO DEFECTS,ON SCENE,NO INJURY / DRIVE AWAY,,Y,,"OVER $1,500",08/26/2023 06:05:00 PM,DRIVING SKILLS/KNOWLEDGE/EXPERIENCE,UNABLE TO DETERMINE,524,W,OHARE ST,1654,,,,,,,1,NO INDICATION OF INJURY,0,0,0,0,0,1,0,18,7,8,,,
fda2491d33ac819033f4aaa7ed901120f2f6785b7e5bbbbf99eb6d56847d5de207d7697261a182f12a2a47fbeb3fbaa5c3c767d3ac099675e65e09f345b7e7f4,,07/29/2023 12:50:00 AM,30,TRAFFIC SIGNAL,FUNCTIONING PROPERLY,CLEAR,DARKNESS,SIDESWIPE OPPOSITE DIRECTION,NOT DIVIDED,,STRAIGHT AND LEVEL,UNKNOWN,UNKNOWN,,NO INJURY / DRIVE AWAY,,,Y,"OVER $1,500",07/29/2023 07:00:00 PM,UNABLE TO DETERMINE,NOT APPLICABLE,999,N,CALIFORNIA AVE,1211,,,,,,,2,NO INDICATION OF INJURY,0,0,0,0,0,2,0,0,7,7,41.8992246,-87.69664238,POINT (-87.696642374961 41.899224596015)
48562250b42cd908a14394d34345520e49f33c3827c125d7a8de8733bbc024121d28af4dc10171cceeeda5ef770bab053db9a720409c6b983eeef285351e9c34,,01/15/2025 10:36:00 AM,30,TRAFFIC SIGNAL,FUNCTIONING PROPERLY,CLEAR,DAYLIGHT,TURNING,T-INTERSECTION,,STRAIGHT AND LEVEL,ICE,NO DEFECTS,ON SCENE,INJURY AND / OR TOW DUE TO CRASH,Y,,,"OVER $1,500",01/15/2025 10:38:00 AM,IMPROPER TURNING/NO SIGNAL,UNABLE TO DETERMINE,5300,S,MICHIGAN AVE,225,,,,,,,2,"REPORTED, NOT EVIDENT",1,0,0,0,1,1,0,10,4,1,41.79808578,-87.62270033,POINT (-87.622700327641 41.798085781365)
812e92f0eb33646b8a37772f336c50c6111f7526a13bdf90fce2c15d17a9af1d7306de9324a554804a42f67125a62d201e50f40125eba0bae30e73918ea86156,,03/15/2025 08:25:00 AM,30,STOP SIGN/FLASHER,NO CONTROLS,CLOUDY/OVERCAST,DAYLIGHT,REAR END,ONE-WAY,,STRAIGHT AND LEVEL,DRY,NO DEFECTS,NOT ON SCENE (DESK REPORT),NO INJURY / DRIVE AWAY,Y,,Y,"$501 - $1,500",03/15/2025 01:45:00 PM,FAILING TO REDUCE SPEED TO AVOID CRASH,UNABLE TO DETERMINE,7900,S,EBERHART AVE,624,,,,,,,2,NO INDICATION OF INJURY,0,0,0,0,0,2,0,8,7,3,41.75106607,-87.61264685,POINT (-87.612646846049 41.751066067075)
a5074aea1bea202571c96f146e3e6815fe8a96259d066282c1528e553ae41e74f17b1d5c0a852edbb18a499bc5a788ff0c4a86f5bda9b78616728743a3562ae0,,12/04/2024 10:58,30,NO CONTROLS,NO CONTROLS,CLEAR,DAYLIGHT,TURNING,DIVIDED - W/MEDIAN (NOT RAISED),,STRAIGHT AND LEVEL,DRY,NO DEFECTS,ON SCENE,NO INJURY / DRIVE AWAY,,,,"OVER $1,500",12/04/2024 11:00,UNABLE TO DETERMINE,UNABLE TO DETERMINE,5718,W,DIVERSEY AVE,2514,,Y,,,,,2,NO INDICATION OF INJURY,0,0,0,0,0,3,0,10,4,12,41.93134072,-87.7695598,POINT (-87.769559804037 41.931340717043)
56243332a1b4e3ab2796a16777b8212f7a1c90d43ad22c18de3ea6cc436724fe7cc275d552b25a11838c63c57f6a782255526f88869273968010d69c2374862e,,02/03/2025 00:52,30,TRAFFIC SIGNAL,FUNCTIONING PROPERLY,CLEAR,"DARKNESS, LIGHTED ROAD",REAR END,NOT DIVIDED,,STRAIGHT AND LEVEL,UNKNOWN,UNKNOWN,NOT ON SCENE (DESK REPORT),NO INJURY / DRIVE AWAY,,,Y,"OVER $1,500",02/03/2025 01:20,"OPERATING VEHICLE IN ERRATIC, RECKLESS, CARELESS, NEGLIGENT OR AGGRESSIVE MANNER",DISREGARDING TRAFFIC SIGNALS,1157,N,CICERO AVE,1111,,,,,,,2,NO INDICATION OF INJURY,0,0,0,0,0,4,0,0,2,2,41.90224448,-87.74582941,POINT (-87.745829406759 41.902244480501)
58416ffb09b18f3f9b76c207f215f3f93dc7d0b1b992f9628a1739caf7569d8db406ba40a25bae358ff1f206430408a19019d0348bf0a344cdb97de49fbb73fd,,02/03/2025 20:00,20,NO CONTROLS,NO CONTROLS,UNKNOWN,UNKNOWN,PARKED MOTOR VEHICLE,DIVIDED - W/MEDIAN (NOT RAISED),,STRAIGHT AND LEVEL,UNKNOWN,UNKNOWN,NOT ON SCENE (DESK REPORT),NO INJURY / DRIVE AWAY,,,,"OVER $1,500",02/03/2025 21:30,NOT APPLICABLE,NOT APPLICABLE,632,W,WRIGHTWOOD AVE,1935,,,,,,,2,NO INDICATION OF INJURY,0,0,0,0,0,1,0,20,2,2,41.92944697,-87.64420912,POINT (-87.644209119999 41.929446966288)